"n_tested","pct_survive","mean_raw","mean_adj","mean_atten"
256,10.546875,0.128779429274998,0.142241490484,-0.0134620612090025
256,7.421875,0.140559925118106,0.126703861100629,0.0138560640174771
256,3.125,0.0995155554867417,0.110839631533177,-0.0113240760464356
256,5.078125,0.129358917928686,0.1214908599747,0.00786805795398635
256,6.640625,0.130968049048717,0.13753655640672,-0.00656850735800281
256,3.125,0.0970660733968123,0.113625424065032,-0.0165593506682196
256,9.765625,0.122721383102832,0.147840326090143,-0.0251189429873107
256,10.15625,0.133165559059311,0.137546278125086,-0.00438071906577429
256,5.078125,0.112173088502743,0.118555427299577,-0.00638233879683367
256,5.46875,0.108891823081667,0.123440500308642,-0.0145486772269757
256,6.640625,0.129856045941088,0.120019088758644,0.00983695718244443
256,12.890625,0.133243726535151,0.151487110200328,-0.0182433836651765
256,6.25,0.113505325928011,0.123371007515356,-0.00986568158734516
256,10.9375,0.13829455578893,0.145557354712295,-0.00726279892336508
256,5.078125,0.120002330212057,0.106765756973314,0.0132365732387428
256,7.03125,0.107843586517641,0.129665504151586,-0.0218219176339453
256,8.984375,0.101980883117257,0.119356915209329,-0.0173760320920723
256,8.984375,0.109045957149655,0.12049686232589,-0.0114509051762358
256,10.15625,0.116792288746817,0.139681809769642,-0.0228895210228256
256,7.421875,0.120967843723308,0.144033363179676,-0.0230655194563678
256,4.6875,0.110285715617235,0.107556869985253,0.00272884563198204
256,7.03125,0.0904074707061371,0.126870464717865,-0.0364629940117275
256,4.6875,0.10243574190839,0.116951796153065,-0.0145160542446747
256,11.328125,0.115493129576974,0.143874162492473,-0.028381032915499
256,5.46875,0.115832493770153,0.121937931948746,-0.00610543817859305
256,7.03125,0.106945549414353,0.117595253871826,-0.0106497044574735
256,3.125,0.122192656964254,0.129251859060774,-0.00705920209651965
256,5.078125,0.114393984185086,0.110581350361263,0.0038126338238227
256,6.25,0.117309408359178,0.136052478559049,-0.0187430701998709
256,5.46875,0.121014401759716,0.120110406980721,0.00090399477899517
256,1.953125,0.0946516403240648,0.112344709995692,-0.0176930696716276
256,10.546875,0.13178047463058,0.142471980395358,-0.0106915057647787
256,8.203125,0.111866767688688,0.130852991599976,-0.0189862239112881
256,12.5,0.135486323416319,0.1587467054187,-0.0232603820023817
256,7.421875,0.130783781827683,0.11345475124135,0.0173290305863325
256,8.59375,0.120740239069513,0.133639967991582,-0.012899728922069
256,7.421875,0.0971323541773464,0.13906156453126,-0.0419292103539132
256,4.296875,0.116350593062245,0.111888465588181,0.00446212747406387
256,7.421875,0.12177420375785,0.141433796043412,-0.0196595922855616
256,4.6875,0.116868508504979,0.111822970816993,0.00504553768798613
256,5.46875,0.106691136454691,0.111681863908112,-0.00499072745342131
256,9.765625,0.114517580492148,0.126768325844004,-0.0122507453518562
256,8.984375,0.1152309620434,0.153958866876725,-0.0387279048333249
256,7.421875,0.108343218411964,0.123920777704592,-0.0155775592926285
256,5.859375,0.105397244563231,0.114242330601367,-0.00884508603813631
256,3.515625,0.107018670988328,0.0968109108571343,0.0102077601311933
256,6.25,0.114522437987998,0.123560212622581,-0.0090377746345834
256,7.03125,0.100765967272308,0.129606779106113,-0.0288408118338053
256,7.03125,0.132434858418618,0.128171857431207,0.00426300098741078
256,5.859375,0.0902234852475045,0.106212653497031,-0.0159891682495265
256,5.859375,0.118923544218764,0.123367163733778,-0.00444361951501368
256,6.25,0.133265884442986,0.134297513194343,-0.00103162875135746
256,8.203125,0.123811751553349,0.137646540428355,-0.0138347888750063
256,9.765625,0.129459802168033,0.144128397845169,-0.0146685956771355
256,8.59375,0.115268257052789,0.11769711844923,-0.00242886139644134
256,7.421875,0.113923015296488,0.123744041090573,-0.00982102579408494
256,10.546875,0.122643417757962,0.14281734271945,-0.0201739249614878
256,7.421875,0.103480216249407,0.128041723982857,-0.0245615077334499
256,4.296875,0.106178482037468,0.10689660968511,-0.000718127647641481
256,2.34375,0.111209042483038,0.111500718494537,-0.000291676011499051
256,10.9375,0.112180381495818,0.132907097594519,-0.0207267160987009
256,3.125,0.098250059946652,0.116891462176868,-0.0186414022302165
256,6.640625,0.107683247466671,0.130719594915426,-0.0230363474487545
256,2.734375,0.0855323530231907,0.104389321373479,-0.0188569683502878
256,12.109375,0.138305855671957,0.146125611254043,-0.00781975558208591
256,6.640625,0.113409056914277,0.141268031930872,-0.0278589750165945
256,5.46875,0.135734578211628,0.134879474681573,0.000855103530054264
256,4.6875,0.129760694458915,0.119168966261992,0.0105917281969224
256,3.125,0.124858794358352,0.120302284689296,0.0045565096690569
256,5.859375,0.116425724604376,0.13672536123341,-0.0202996366290342
256,10.546875,0.105073440773809,0.146588629180898,-0.0415151884070885
256,6.640625,0.111081567610306,0.118631435135584,-0.0075498675252783
256,4.296875,0.11339332997708,0.120937689199236,-0.00754435922215667
256,4.6875,0.10649213146658,0.125018295716786,-0.0185261642502054
256,8.59375,0.121913207581683,0.139464664920108,-0.0175514573384243
256,5.078125,0.111648431459321,0.123017969097409,-0.0113695376380878
256,11.71875,0.138337031593237,0.148014703890263,-0.00967767229702642
256,9.375,0.120558439033434,0.129509368393111,-0.00895092935967729
256,5.859375,0.124750130934027,0.134597949027277,-0.00984781809325008
256,5.859375,0.12009888148699,0.135875605390275,-0.0157767239032858
256,9.765625,0.128702895578002,0.150950986332013,-0.0222480907540117
256,8.984375,0.111787071004337,0.130728599383035,-0.0189415283786976
256,5.859375,0.119548081576044,0.127417214470663,-0.00786913289461874
256,6.25,0.112428328356359,0.121955402234895,-0.00952707387853646
256,6.25,0.10747601427087,0.112534818072634,-0.00505880380176398
256,6.640625,0.121391489228229,0.127774198064529,-0.00638270883630004
256,8.984375,0.116800748772831,0.136599473154883,-0.0197987243820525
256,6.640625,0.122404350895497,0.118676617410761,0.00372773348473597
256,11.328125,0.136471890321583,0.139962270150762,-0.00349037982917905
256,1.171875,0.105181225406496,0.107934529108102,-0.00275330370160563
256,5.078125,0.115613292705952,0.115032585157795,0.000580707548156515
256,4.6875,0.108116840043093,0.118955173546147,-0.010838333503054
256,3.125,0.100338694509398,0.110452413598819,-0.0101137190894211
256,5.46875,0.138133335445954,0.129360779469808,0.00877255597614671
256,7.8125,0.150943834688661,0.140957976910815,0.00998585777784613
256,11.71875,0.114539840450389,0.141002905473521,-0.0264630650231312
256,6.25,0.143341890724432,0.111866362183651,0.031475528540781
256,8.984375,0.118392307487642,0.148599367025576,-0.030207059537934
256,4.6875,0.13459702855523,0.115515970528044,0.0190810580271859
256,9.765625,0.135243922073688,0.144430036515028,-0.00918611444134011
256,7.8125,0.110100011617281,0.128190074149339,-0.018090062532058
256,5.46875,0.0992496171965811,0.130823499165165,-0.0315738819685842
256,6.640625,0.101092483057159,0.130166253283581,-0.029073770226422
256,7.421875,0.121406344539527,0.13303554026772,-0.0116291957281928
256,7.421875,0.12947387005291,0.126433051787914,0.00304081826499648
256,8.203125,0.129750549465394,0.137534638783912,-0.00778408931851744
256,10.15625,0.13596562554357,0.141900049835192,-0.00593442429162265
256,7.8125,0.119960260032891,0.12517910628571,-0.00521884625281818
256,7.421875,0.11652962591925,0.141551414096951,-0.0250217881777013
256,7.03125,0.132638712522137,0.13016486502496,0.00247384749717701
256,13.671875,0.120696859076858,0.15311804369909,-0.0324211846222316
256,10.15625,0.143565729774625,0.14888308944381,-0.00531735966918529
256,6.25,0.111685558372121,0.128795786670052,-0.0171102282979318
256,6.640625,0.122400137906794,0.135331571254884,-0.0129314333480902
256,8.984375,0.116459932059249,0.132864630167129,-0.0164046981078799
256,8.203125,0.111995862783573,0.130218971969033,-0.0182231091854603
256,6.640625,0.113168422295715,0.123300108129892,-0.0101316858341775
256,2.734375,0.12110902539607,0.115871165750503,0.0052378596455675
256,10.546875,0.131650179313355,0.159183018406669,-0.0275328390933138
256,6.640625,0.113630034712988,0.124610934762315,-0.0109809000493269
256,7.421875,0.115728440558062,0.128589513449988,-0.0128610728919261
256,6.640625,0.124295122436226,0.136243171162218,-0.0119480487259914
256,8.984375,0.125903898419652,0.146644137346145,-0.0207402389264931
256,4.6875,0.109865012972032,0.115588314930603,-0.00572330195857176
256,7.03125,0.120575520295184,0.116572161675992,0.00400335861919198
256,5.859375,0.127080211005184,0.130512699948941,-0.00343248894375691
256,5.859375,0.124645809142207,0.121715421145009,0.00293038799719767
256,8.203125,0.129861983400729,0.13072884263717,-0.000866859236441145
256,5.859375,0.0969917956084181,0.115505359977045,-0.0185135643686264
256,9.375,0.12316337193293,0.143723961537673,-0.0205605896047429
256,8.984375,0.106836035413116,0.131728284122232,-0.0248922487091153
256,8.203125,0.119866823448768,0.144686638412865,-0.0248198149640974
256,7.421875,0.113802313502638,0.134204814763813,-0.0204025012611743
256,7.421875,0.11933334960397,0.12743125279896,-0.00809790319498976
256,7.03125,0.117094733307171,0.13923586244819,-0.0221411291410187
256,7.03125,0.107123786186581,0.119027239697289,-0.0119034535107079
256,3.90625,0.115087279456086,0.101735367461566,0.01335191199452
256,10.9375,0.137808065692449,0.145417300478863,-0.00760923478641386
256,9.765625,0.135304481459184,0.140481164026055,-0.00517668256687114
256,7.03125,0.131775688901849,0.132814176476416,-0.00103848757456722
256,4.296875,0.134071954517878,0.123144941846254,0.0109270126716238
256,12.109375,0.136466976925048,0.13678981448599,-0.000322837560941549
256,8.203125,0.13463182380353,0.141930496997629,-0.00729867319409929
256,7.03125,0.119064313437559,0.119711323977464,-0.000647010539904919
256,8.203125,0.117050782062007,0.116899267528782,0.000151514533225158
256,10.546875,0.123116901217868,0.144586186704473,-0.0214692854866049
256,5.859375,0.081547180433157,0.122961300349457,-0.0414141199162997
256,7.421875,0.116028100659376,0.130312854766997,-0.0142847541076207
256,6.25,0.126441440941193,0.134106075904775,-0.00766463496358133
256,7.8125,0.123805005005276,0.1309967746921,-0.00719176968682467
256,8.984375,0.134001600075825,0.148517193361336,-0.0145155932855105
256,5.078125,0.118641983602748,0.11374223200101,0.00489975160173887
256,7.8125,0.120309214373797,0.118213021009318,0.0020961933644793
256,4.6875,0.111095822853312,0.110439438967644,0.000656383885667683
256,4.296875,0.105479566142857,0.107999088879767,-0.00251952273690989
256,1.5625,0.0848061826282609,0.0968084399445007,-0.0120022573162398
256,3.515625,0.0993931162292695,0.0996348265641734,-0.000241710334903944
256,4.6875,0.09249987595178,0.111425206462618,-0.0189253305108383
256,4.296875,0.118612088811237,0.122533103259017,-0.00392101444777983
256,9.375,0.127008995305513,0.159916504334967,-0.0329075090294548
256,10.15625,0.128151317072589,0.146278992430861,-0.0181276753582717
256,8.59375,0.123755746038792,0.137015422541355,-0.0132596765025624
256,5.46875,0.107198153504495,0.132097275200377,-0.0248991216958825
256,8.59375,0.13628351852401,0.114510212319082,0.021773306204928
256,12.890625,0.13210027031815,0.143173945278626,-0.0110736749604756
256,8.59375,0.136768312970752,0.136967155866353,-0.000198842895601836
256,5.859375,0.10616468962739,0.117695226272242,-0.011530536644852
256,6.640625,0.123472584834739,0.114718543357872,0.00875404147686721
256,9.375,0.125514439144145,0.131513295466554,-0.00599885632240939
256,4.6875,0.118550492583102,0.12184117789951,-0.00329068531640801
256,7.8125,0.125985406413212,0.136949765416536,-0.0109643590033239
256,12.109375,0.116038892999413,0.134480538734251,-0.0184416457348384
256,4.296875,0.126554005026649,0.121146329266275,0.00540767576037476
256,10.546875,0.122292441856266,0.141730358932555,-0.0194379170762888
256,8.984375,0.120983762235075,0.12791673590792,-0.00693297367284482
256,8.984375,0.123621884684337,0.140005119013337,-0.0163832343289996
256,11.328125,0.12127702183808,0.146262819108867,-0.0249857972707869
256,4.6875,0.103099954319847,0.126646555779233,-0.0235466014593856
256,7.421875,0.100657933968525,0.124616728295378,-0.0239587943268529
256,9.765625,0.136748459900893,0.145754280865021,-0.00900582096412826
256,7.421875,0.135549351105323,0.11978601841155,0.0157633326937737
256,11.71875,0.114852164356483,0.144898669990315,-0.030046505633832
256,4.6875,0.101686912617487,0.105971760684799,-0.00428484806731198
256,8.203125,0.137461807231348,0.123236132785676,0.0142256744456721
256,10.15625,0.14252704146862,0.139834857520904,0.00269218394771611
256,8.59375,0.126271813936441,0.140265948208639,-0.013994134272198
256,6.25,0.107421463085435,0.123731094757488,-0.0163096316720526
256,8.59375,0.115395957927054,0.141227590425779,-0.0258316324987248
256,13.671875,0.1552409470147,0.143006850602719,0.0122340964119808
256,6.25,0.10610721984693,0.117265470574791,-0.0111582507278617
256,9.765625,0.108451907180146,0.141860788357043,-0.0334088811768965
256,5.46875,0.122484356278257,0.119872009920725,0.00261234635753233
256,8.984375,0.123748889385769,0.147071641350302,-0.0233227519645338
256,7.421875,0.133365202386087,0.122211683970241,0.0111535184158467
256,7.03125,0.102110679287435,0.113701650302751,-0.0115909710153155
256,5.46875,0.0973758578168426,0.130610066443468,-0.0332342086266256
256,10.15625,0.153432402647463,0.142830056107603,0.0106023465398596
256,6.640625,0.110515176747263,0.131412584792223,-0.0208974080449607
256,8.59375,0.128794022554817,0.12862883271959,0.000165189835227672
256,4.296875,0.103102843139225,0.114022801828408,-0.0109199586891826
