"n_tested","n_survive","pct_survive","mean_atten","mean_raw","mean_adj"
256,23,8.984375,-0.0203672146786503,0.116081610664976,0.136448825343626
256,29,11.328125,0.00360079500254626,0.128906826743966,0.12530603174142
256,18,7.03125,0.0099777159073539,0.1503707414517,0.140393025544346
256,22,8.59375,-0.0426823611944867,0.107357100298475,0.150039461492962
256,25,9.765625,-0.0275986834276106,0.106614939774678,0.134213623202289
256,13,5.078125,-0.0192923201014618,0.116591377909625,0.135883698011087
256,15,5.859375,-0.0474167150864569,0.0886042231317777,0.136020938218235
256,23,8.984375,-0.0109283877908526,0.123683471006272,0.134611858797124
256,12,4.6875,0.0232171824438921,0.15596144444232,0.132744261998428
256,9,3.515625,-0.0241149828080287,0.0928933974544906,0.117008380262519
256,13,5.078125,0.0119464372353553,0.149730082638706,0.137783645403351
256,19,7.421875,0.0210966054126729,0.145410544545753,0.124313939133081
256,10,3.90625,0.00636405680440946,0.108912336018513,0.102548279214103
256,18,7.03125,0.0143927157875688,0.145663664537497,0.131270948749928
256,26,10.15625,-0.0227677672203276,0.111731658186121,0.134499425406448
256,17,6.640625,0.000308477545677357,0.121458371197861,0.121149893652183
256,13,5.078125,0.0120218389373267,0.13448556811927,0.122463729181943
256,17,6.640625,0.0214650849980224,0.129588842591399,0.108123757593376
256,20,7.8125,0.0108634361403318,0.141558695620849,0.130695259480517
256,20,7.8125,-0.0353919777333696,0.0985051860569942,0.133897163790364
256,28,10.9375,-0.010667636942225,0.125337293823995,0.13600493076622
256,6,2.34375,0.0100530003480235,0.113461469965754,0.103408469617731
256,7,2.734375,-0.00574666120412216,0.098934502512047,0.104681163716169
256,18,7.03125,-0.0293744224827927,0.104202321375428,0.133576743858221
256,18,7.03125,0.00628997358550654,0.129163119030325,0.122873145444818
256,17,6.640625,0.00100815816980624,0.124939153906579,0.123930995736773
256,30,11.71875,0.0167571187457961,0.160524717534357,0.143767598788561
256,17,6.640625,0.0208738363118284,0.151071307435904,0.130197471124075
256,14,5.46875,-0.0170419177738915,0.117799742519428,0.134841660293319
256,21,8.203125,0.024857192158727,0.147761294596621,0.122904102437894
256,10,3.90625,0.0207245902610045,0.133644040377442,0.112919450116438
256,16,6.25,0.0514841846520514,0.172352874173786,0.120868689521734
256,24,9.375,0.00629929764616709,0.153429154618745,0.147129856972578
256,14,5.46875,0.0191154435071147,0.132691339131865,0.11357589562475
256,7,2.734375,0.0100800969804547,0.112440506787993,0.102360409807538
256,20,7.8125,0.00597043566245432,0.131089902089818,0.125119466427364
256,12,4.6875,0.0151957229933072,0.132642572555458,0.117446849562151
256,29,11.328125,-0.027599100154843,0.114564881216161,0.142163981371004
256,11,4.296875,-0.000215177892868313,0.109381696492863,0.109596874385731
256,12,4.6875,-0.0173946182690941,0.112683250288124,0.130077868557218
256,19,7.421875,0.00181443267421381,0.122864158911203,0.121049726236989
256,9,3.515625,-0.00488696610095363,0.114296231007637,0.119183197108591
256,17,6.640625,0.0216009441627864,0.141831877224653,0.120230933061867
256,9,3.515625,-0.00481839792673627,0.108977069513597,0.113795467440333
256,16,6.25,0.0168413760889635,0.145860003190364,0.129018627101401
256,14,5.46875,-0.00165397136088597,0.114193069397894,0.11584704075878
256,32,12.5,-0.00954541888511863,0.140729390094704,0.150274808979822
256,16,6.25,-0.00928153327467164,0.120091662768292,0.129373196042964
256,15,5.859375,0.00491785893855988,0.138737842264471,0.133819983325911
256,22,8.59375,-0.0300326924775617,0.109586318221712,0.139619010699274
256,15,5.859375,-0.000484465714817021,0.12250287667363,0.122987342388447
256,15,5.859375,0.00661244618701411,0.128501810615934,0.12188936442892
256,14,5.46875,0.0191956394367348,0.140770175098722,0.121574535661987
256,21,8.203125,0.00499973113414891,0.130055137480551,0.125055406346402
256,19,7.421875,0.00162705251688597,0.129876627561916,0.12824957504503
256,27,10.546875,-0.000882611992521531,0.142852087672901,0.143734699665423
256,19,7.421875,-0.0352199966939514,0.104623167020241,0.139843163714192
256,12,4.6875,0.0358978979830458,0.139914781755046,0.104016883772
256,12,4.6875,0.0262278517456925,0.144153992849906,0.117926141104213
256,16,6.25,0.0068547453795362,0.138906830811498,0.132052085431962
256,13,5.078125,0.0186210926807133,0.123810642464218,0.105189549783505
256,20,7.8125,-0.00730026132954182,0.124225354065057,0.131525615394599
256,15,5.859375,-0.00178586159602928,0.117172543864919,0.118958405460948
256,16,6.25,0.00917435096614039,0.137329740418634,0.128155389452493
256,16,6.25,-0.0310183203353004,0.10865077283458,0.139669093169881
256,19,7.421875,-0.0112083470262274,0.117631626530521,0.128839973556749
256,25,9.765625,0.0231565942831716,0.155486525310806,0.132329931027635
256,19,7.421875,-0.00826033860253396,0.129747043618653,0.138007382221187
256,15,5.859375,0.0269609129003778,0.141393870765996,0.114432957865619
256,20,7.8125,-0.0223961079105689,0.102424971305543,0.124821079216112
256,17,6.640625,0.00135016762360077,0.120016646436486,0.118666478812886
256,16,6.25,0.0287787381213783,0.133885259668128,0.10510652154675
256,15,5.859375,0.00297483718617987,0.129630235057265,0.126655397871085
256,21,8.203125,-0.0129929573582007,0.118968722314203,0.131961679672403
256,4,1.5625,0.019452435917912,0.135509888464114,0.116057452546202
256,23,8.984375,-0.00109299533443269,0.131243287571135,0.132336282905568
256,18,7.03125,0.000773257238389444,0.127316346608859,0.12654308937047
256,32,12.5,-0.0290756313725047,0.115688861502395,0.1447644928749
256,12,4.6875,0.0103793873492263,0.117109044536466,0.10672965718724
256,13,5.078125,-0.011048926144423,0.122462414269796,0.133511340414219
256,10,3.90625,0.00968347854048596,0.121232953832218,0.111549475291732
256,23,8.984375,0.0378910813106206,0.177182916721987,0.139291835411366
256,11,4.296875,0.0221176033125813,0.127970346884035,0.105852743571454
256,11,4.296875,0.0430027646087026,0.163892735258458,0.120889970649755
256,25,9.765625,-0.00858254002323835,0.134512319036117,0.143094859059356
256,16,6.25,0.00289917931886142,0.119192003564512,0.116292824245651
256,17,6.640625,-0.00805987932386432,0.116004165955689,0.124064045279554
256,16,6.25,0.0244400712016669,0.145964191754369,0.121524120552703
256,17,6.640625,-0.0259593014658496,0.102635539851941,0.128594841317791
256,9,3.515625,0.0213115122048421,0.140177700496996,0.118866188292154
256,29,11.328125,0.0146435489160536,0.16812673878846,0.153483189872407
256,23,8.984375,-0.032953608320608,0.118153453255965,0.151107061576573
256,14,5.46875,0.00269776207241965,0.123599333869868,0.120901571797449
256,18,7.03125,-0.0344512138987142,0.101923670788486,0.1363748846872
256,13,5.078125,-0.0247777748651604,0.100481423646719,0.12525919851188
256,7,2.734375,-0.00618642323477537,0.103268058598319,0.109454481833094
256,20,7.8125,0.00984801569168861,0.145568403072804,0.135720387381115
256,15,5.859375,-0.00156810004213875,0.123688777271926,0.125256877314065
256,15,5.859375,0.00617583988231838,0.125062391539932,0.118886551657613
256,16,6.25,-0.0195848387415767,0.106443279792548,0.126028118534125
256,15,5.859375,0.00315457242599669,0.140240503398464,0.137085930972467
256,21,8.203125,0.0281662759165644,0.154001549345237,0.125835273428673
256,28,10.9375,-0.0401995981168895,0.128906590093287,0.169106188210176
256,18,7.03125,-0.00724230410190327,0.124802681379096,0.132044985480999
256,19,7.421875,0.0271421616519745,0.147243810496216,0.120101648844241
256,19,7.421875,0.00177179650533421,0.131271560262352,0.129499763757018
256,11,4.296875,-0.00719319307316801,0.117759594141731,0.124952787214899
256,12,4.6875,0.011097861433649,0.131922912356237,0.120825050922588
256,17,6.640625,0.00702077085185823,0.131061102419703,0.124040331567845
256,16,6.25,0.00111828197472757,0.124148089018891,0.123029807044164
256,9,3.515625,-0.00210564663071112,0.109621523762306,0.111727170393017
256,11,4.296875,0.00684205899726867,0.125311619337759,0.118469560340491
256,20,7.8125,-0.00818475316683398,0.126937878621874,0.135122631788708
256,14,5.46875,0.00870652292535148,0.147853995558298,0.139147472632946
256,24,9.375,-0.0255440145384887,0.111177271096616,0.136721285635105
256,13,5.078125,-0.0132766773749516,0.117484961801674,0.130761639176625
256,13,5.078125,-0.00731372119887896,0.123324745336445,0.130638466535324
256,14,5.46875,0.0145655501721489,0.139782794975948,0.125217244803799
256,18,7.03125,0.0173309382175802,0.148566757682485,0.131235819464905
256,17,6.640625,0.00236816817275759,0.137555433115911,0.135187264943154
256,15,5.859375,0.0104373947802339,0.128606894467994,0.11816949968776
256,23,8.984375,-0.0289888066360942,0.115421130728837,0.144409937364932
256,17,6.640625,0.0112028518918818,0.138918156525677,0.127715304633795
256,9,3.515625,-0.00790625817566807,0.105902355075169,0.113808613250837
256,21,8.203125,-0.00988172543051478,0.128271365972263,0.138153091402778
256,23,8.984375,-0.0151868065894202,0.134860357898612,0.150047164488033
256,19,7.421875,-0.0181826136658597,0.116683862158325,0.134866475824185
256,16,6.25,-0.000672690011649814,0.140334957610739,0.141007647622389
256,6,2.34375,0.0153108231562428,0.126554201303519,0.111243378147276
256,11,4.296875,0.0123693137452949,0.137242276493808,0.124872962748513
256,22,8.59375,0.0151433529797703,0.153613176375671,0.138469823395901
256,15,5.859375,0.0165319428128699,0.139922691884627,0.123390749071757
256,23,8.984375,-0.0305279641695456,0.112521032944258,0.143048997113803
256,7,2.734375,0.0119593559052527,0.131179097838267,0.119219741933015
256,13,5.078125,-0.00936906670277613,0.103414041958358,0.112783108661134
256,14,5.46875,0.00380321968288289,0.10400022499316,0.100197005310277
256,16,6.25,-0.00911831671033479,0.111459246827147,0.120577563537482
256,25,9.765625,-0.0302449879765473,0.118989555118618,0.149234543095165
256,15,5.859375,0.0272254063093006,0.145798162263025,0.118572755953724
256,22,8.59375,0.0168836337274333,0.151242593631568,0.134358959904134
256,11,4.296875,0.00131306345373886,0.122592672546715,0.121279609092976
256,15,5.859375,-0.00907508287377629,0.112681203501867,0.121756286375643
256,23,8.984375,-0.0182857816895988,0.124731351195623,0.143017132885222
256,13,5.078125,0.0426612098768459,0.156174364743324,0.113513154866478
256,21,8.203125,0.00551405188529891,0.144719408550968,0.139205356665669
256,20,7.8125,-0.0160485951055104,0.123704990085424,0.139753585190934
256,15,5.859375,-0.0192606062261126,0.100010807024486,0.119271413250598
256,26,10.15625,-0.0407824044777547,0.104615441164511,0.145397845642266
256,12,4.6875,-0.00660131352862035,0.113904685669775,0.120505999198395
256,9,3.515625,0.0328259230015325,0.148431172549724,0.115605249548192
256,11,4.296875,0.0109886262402478,0.120076456901675,0.109087830661427
256,26,10.15625,-0.0224502946097779,0.116006100419687,0.138456395029465
256,22,8.59375,0.0287153882934523,0.15832197460267,0.129606586309218
256,12,4.6875,-0.0223987737585497,0.121123747946731,0.143522521705281
256,19,7.421875,0.00484312184123188,0.129093620341025,0.124250498499793
256,21,8.203125,-0.0160146253012811,0.108487495656977,0.124502120958258
256,15,5.859375,0.0298128102119716,0.146265019672278,0.116452209460306
256,19,7.421875,-0.0157592571046684,0.126422232929475,0.142181490034143
256,27,10.546875,-0.0363670637607548,0.100684874702445,0.1370519384632
256,12,4.6875,0.00691737733767111,0.116984225350715,0.110066848013044
256,22,8.59375,-0.00151492310885372,0.134441548383495,0.135956471492349
256,21,8.203125,-0.0145044046654043,0.113854221638149,0.128358626303553
256,22,8.59375,0.0309346288866137,0.152818022451209,0.121883393564595
256,11,4.296875,0.00521449650779677,0.110727735911343,0.105513239403546
256,21,8.203125,-0.00195171210223815,0.135631569101905,0.137583281204143
256,24,9.375,-0.00604447058494815,0.132352045981432,0.13839651656638
256,15,5.859375,-0.00387438152800788,0.133653438608643,0.137527820136651
256,14,5.46875,-0.00209405424392683,0.129095850828452,0.131189905072379
256,13,5.078125,-0.0178159792148835,0.114441923778071,0.132257902992955
256,18,7.03125,0.00537359663918219,0.141179838429215,0.135806241790033
256,32,12.5,-0.0170261530270115,0.125314840936018,0.142340993963029
256,12,4.6875,-0.00346868095164822,0.119079210523246,0.122547891474894
256,12,4.6875,-0.0131190086401378,0.113965593300706,0.127084601940843
256,23,8.984375,-0.0129595058009828,0.117791091769975,0.130750597570958
256,14,5.46875,-0.012601973315408,0.118443060505751,0.131045033821159
256,21,8.203125,0.0257152970608202,0.172334339880829,0.146619042820009
256,16,6.25,0.000588651876094871,0.135641049043582,0.135052397167487
256,22,8.59375,0.00600795596596906,0.146137460296257,0.140129504330288
256,17,6.640625,0.0140553907868432,0.140627572243881,0.126572181457038
256,8,3.125,0.019065137465344,0.110401935505346,0.0913367980400017
256,22,8.59375,0.0112404534278047,0.130640107421582,0.119399653993777
256,15,5.859375,0.00962674160544612,0.121944253904889,0.112317512299443
256,13,5.078125,-0.0169349592641409,0.103019964759599,0.11995492402374
256,26,10.15625,-0.0221688451601134,0.10888689607221,0.131055741232323
256,9,3.515625,0.028767855060567,0.150031060323397,0.12126320526283
256,22,8.59375,0.0116164569003275,0.150820684295565,0.139204227395237
256,11,4.296875,0.0332970318344762,0.142301894429217,0.109004862594741
256,15,5.859375,0.00686791231662342,0.120339641367698,0.113471729051074
256,15,5.859375,-0.0151563440102635,0.116952729459246,0.132109073469509
256,15,5.859375,-0.0343818973132005,0.100291543537709,0.13467344085091
256,14,5.46875,0.0196326534648649,0.137501747011333,0.117869093546469
256,23,8.984375,-0.0191182459174606,0.115764209017126,0.134882454934586
256,31,12.109375,-0.0110316217396196,0.13967503199707,0.15070665373669
256,12,4.6875,0.00776389843066456,0.117419192646766,0.109655294216101
256,24,9.375,-0.00806776153176716,0.118850200048354,0.126917961580121
256,23,8.984375,-0.0253826621346983,0.125117404478921,0.150500066613619
256,16,6.25,0.0203974101044274,0.143047864107867,0.122650454003439
256,12,4.6875,0.0194610785962433,0.130344430271866,0.110883351675623
256,17,6.640625,0.0156693953223937,0.139977203880155,0.124307808557761
256,21,8.203125,0.00470169015622993,0.151554658021613,0.146852967865383
